id_tempo;anomes_iso;mes;ano;anomes_formatado
1009;202211;11;2022;11/2022
1010;202212;12;2022;12/2022
1011;202300;0;2023;00/2023
1012;202314;14;2023;14/2023
1013;202313;13;2023;13/2023
1014;202301;1;2023;01/2023
1015;202302;2;2023;02/2023
1016;202303;3;2023;03/2023
1017;202304;4;2023;04/2023
1018;202305;5;2023;05/2023
1019;202306;6;2023;06/2023
1020;202307;7;2023;07/2023
1021;202308;8;2023;08/2023
1022;202309;9;2023;09/2023
1023;202310;10;2023;10/2023
1024;202311;11;2023;11/2023
1025;202312;12;2023;12/2023
1026;202400;0;2024;00/2024
1027;202414;14;2024;14/2024
1028;202413;13;2024;13/2024
1029;202401;1;2024;01/2024
1030;202402;2;2024;02/2024
1031;202403;3;2024;03/2024
1032;202404;4;2024;04/2024
1033;202405;5;2024;05/2024
1034;204603;3;2046;03/2046
1035;204604;4;2046;04/2046
1036;204605;5;2046;05/2046
1037;204606;6;2046;06/2046
1038;204607;7;2046;07/2046
1039;204608;8;2046;08/2046
1040;204609;9;2046;09/2046
1041;204700;0;2047;00/2047
1042;204610;10;2046;10/2046
1043;204611;11;2046;11/2046
1044;204612;12;2046;12/2046
1045;204714;14;2047;14/2047
1046;204713;13;2047;13/2047
1047;204701;1;2047;01/2047
1048;204702;2;2047;02/2047
1049;204703;3;2047;03/2047
1050;204704;4;2047;04/2047
1051;204705;5;2047;05/2047
1052;204706;6;2047;06/2047
1053;204707;7;2047;07/2047
1054;204708;8;2047;08/2047
1055;204709;9;2047;09/2047
1056;204710;10;2047;10/2047
1057;204711;11;2047;11/2047
1058;204712;12;2047;12/2047
1059;204800;0;2048;00/2048
1060;204814;14;2048;14/2048
1061;204813;13;2048;13/2048
1062;204801;1;2048;01/2048
1063;204802;2;2048;02/2048
1064;204803;3;2048;03/2048
1065;204804;4;2048;04/2048
1066;204805;5;2048;05/2048
1067;204806;6;2048;06/2048
1068;204807;7;2048;07/2048
1069;204808;8;2048;08/2048
1070;204809;9;2048;09/2048
1071;204810;10;2048;10/2048
1072;204811;11;2048;11/2048
1073;204812;12;2048;12/2048
1074;204900;0;2049;00/2049
1075;204914;14;2049;14/2049
1076;204913;13;2049;13/2049
1077;204901;1;2049;01/2049
1078;204902;2;2049;02/2049
1079;204903;3;2049;03/2049
1080;204904;4;2049;04/2049
1081;204905;5;2049;05/2049
1082;204906;6;2049;06/2049
1083;204907;7;2049;07/2049
1084;204908;8;2049;08/2049
1085;204909;9;2049;09/2049
1086;204910;10;2049;10/2049
1087;204911;11;2049;11/2049
1088;204912;12;2049;12/2049
1089;205000;0;2050;00/2050
1090;205014;14;2050;14/2050
1091;205013;13;2050;13/2050
1092;205001;1;2050;01/2050
1093;205002;2;2050;02/2050
1094;205003;3;2050;03/2050
1095;205004;4;2050;04/2050
1096;205005;5;2050;05/2050
1097;205006;6;2050;06/2050
1098;205007;7;2050;07/2050
1099;205008;8;2050;08/2050
1100;205009;9;2050;09/2050
1101;205010;10;2050;10/2050
1102;205011;11;2050;11/2050
1103;205012;12;2050;12/2050
1104;193405;5;1934;05/1934
1105;193500;0;1935;00/1935
1106;193406;6;1934;06/1934
1107;193407;7;1934;07/1934
1108;193408;8;1934;08/1934
1109;193409;9;1934;09/1934
1110;193410;10;1934;10/1934
1111;193411;11;1934;11/1934
1112;193412;12;1934;12/1934
1113;193514;14;1935;14/1935
1114;193513;13;1935;13/1935
1115;193501;1;1935;01/1935
1116;193502;2;1935;02/1935
1117;193503;3;1935;03/1935
1118;193504;4;1935;04/1935
1119;193505;5;1935;05/1935
1120;193506;6;1935;06/1935
1121;193507;7;1935;07/1935
1122;193508;8;1935;08/1935
1123;193509;9;1935;09/1935
1124;193510;10;1935;10/1935
1125;193511;11;1935;11/1935
1126;193512;12;1935;12/1935
1127;193600;0;1936;00/1936
1128;193614;14;1936;14/1936
1129;193613;13;1936;13/1936
1130;193601;1;1936;01/1936
1131;193602;2;1936;02/1936
1132;193603;3;1936;03/1936
1133;193604;4;1936;04/1936
1134;193605;5;1936;05/1936
1135;193606;6;1936;06/1936
1136;193607;7;1936;07/1936
1137;193608;8;1936;08/1936
1138;193609;9;1936;09/1936
1139;193610;10;1936;10/1936
1140;193611;11;1936;11/1936
1141;193612;12;1936;12/1936
1142;193700;0;1937;00/1937
1143;193714;14;1937;14/1937
1144;193713;13;1937;13/1937
1145;193701;1;1937;01/1937
1146;193702;2;1937;02/1937
1147;193703;3;1937;03/1937
1148;193704;4;1937;04/1937
1149;193705;5;1937;05/1937
1150;193706;6;1937;06/1937
1151;193707;7;1937;07/1937
1152;193708;8;1937;08/1937
1153;193709;9;1937;09/1937
1154;193710;10;1937;10/1937
1155;193711;11;1937;11/1937
1156;193712;12;1937;12/1937
1157;193800;0;1938;00/1938
1158;193814;14;1938;14/1938
1159;193813;13;1938;13/1938
1160;193801;1;1938;01/1938
1161;193802;2;1938;02/1938
1162;193803;3;1938;03/1938
1163;202406;6;2024;06/2024
1164;202407;7;2024;07/2024
1165;202408;8;2024;08/2024
1166;202409;9;2024;09/2024
1167;202410;10;2024;10/2024
1168;202411;11;2024;11/2024
1169;202412;12;2024;12/2024
1170;202500;0;2025;00/2025
1171;202514;14;2025;14/2025
1172;202513;13;2025;13/2025
1173;202501;1;2025;01/2025
1174;202502;2;2025;02/2025
1175;202503;3;2025;03/2025
1176;202504;4;2025;04/2025
1177;202505;5;2025;05/2025
1178;202506;6;2025;06/2025
1179;202507;7;2025;07/2025
1180;202508;8;2025;08/2025
1181;202509;9;2025;09/2025
1182;202510;10;2025;10/2025
1183;202511;11;2025;11/2025
1184;202512;12;2025;12/2025
1185;202600;0;2026;00/2026
1186;202614;14;2026;14/2026
1187;202613;13;2026;13/2026
1188;202601;1;2026;01/2026
1189;202602;2;2026;02/2026
1190;202603;3;2026;03/2026
1191;202604;4;2026;04/2026
1192;202605;5;2026;05/2026
1193;202606;6;2026;06/2026
1194;202607;7;2026;07/2026
1195;202608;8;2026;08/2026
1196;202609;9;2026;09/2026
1197;202610;10;2026;10/2026
1198;202611;11;2026;11/2026
1199;202612;12;2026;12/2026
1200;202700;0;2027;00/2027
1201;202714;14;2027;14/2027
1202;202713;13;2027;13/2027
1203;202701;1;2027;01/2027
1204;202702;2;2027;02/2027
1205;202703;3;2027;03/2027
1206;202704;4;2027;04/2027
1207;202705;5;2027;05/2027
1208;202706;6;2027;06/2027
1209;202707;7;2027;07/2027
1210;202708;8;2027;08/2027
1211;202709;9;2027;09/2027
1212;202710;10;2027;10/2027
1213;202711;11;2027;11/2027
1214;202712;12;2027;12/2027
1215;202800;0;2028;00/2028
1216;202814;14;2028;14/2028
1217;202813;13;2028;13/2028
1218;202801;1;2028;01/2028
1219;202802;2;2028;02/2028
1220;202803;3;2028;03/2028
1221;202804;4;2028;04/2028
1222;202805;5;2028;05/2028
1223;202806;6;2028;06/2028
1224;202807;7;2028;07/2028
1225;202808;8;2028;08/2028
1226;202809;9;2028;09/2028
1227;202810;10;2028;10/2028
1228;202811;11;2028;11/2028
1229;202812;12;2028;12/2028
1230;202900;0;2029;00/2029
1231;202914;14;2029;14/2029
1232;190000;0;1900;00/1900
1233;190014;14;1900;14/1900
1234;195508;8;1955;08/1955
1235;195509;9;1955;09/1955
1236;195510;10;1955;10/1955
1237;195511;11;1955;11/1955
1238;195512;12;1955;12/1955
1239;195600;0;1956;00/1956
1240;195614;14;1956;14/1956
1241;195613;13;1956;13/1956
1242;195601;1;1956;01/1956
1243;195602;2;1956;02/1956
1244;195603;3;1956;03/1956
1245;195604;4;1956;04/1956
1246;195605;5;1956;05/1956
1247;195606;6;1956;06/1956
1248;195607;7;1956;07/1956
1249;195608;8;1956;08/1956
1250;195609;9;1956;09/1956
1251;195610;10;1956;10/1956
1252;195611;11;1956;11/1956
1253;195612;12;1956;12/1956
1254;195700;0;1957;00/1957
1255;195714;14;1957;14/1957
1256;195713;13;1957;13/1957
1257;195701;1;1957;01/1957
1258;195702;2;1957;02/1957
1259;195703;3;1957;03/1957
1;191800;0;1918;00/1918
2;191702;2;1917;02/1917
3;191703;3;1917;03/1917
4;191704;4;1917;04/1917
5;191705;5;1917;05/1917
6;191706;6;1917;06/1917
7;191707;7;1917;07/1917
8;191708;8;1917;08/1917
9;191709;9;1917;09/1917
10;191710;10;1917;10/1917
11;191711;11;1917;11/1917
12;191712;12;1917;12/1917
13;191814;14;1918;14/1918
14;191813;13;1918;13/1918
15;191801;1;1918;01/1918
16;191802;2;1918;02/1918
17;191803;3;1918;03/1918
18;191804;4;1918;04/1918
19;191805;5;1918;05/1918
20;191806;6;1918;06/1918
21;191807;7;1918;07/1918
22;191808;8;1918;08/1918
23;191809;9;1918;09/1918
24;191810;10;1918;10/1918
25;191811;11;1918;11/1918
26;191812;12;1918;12/1918
27;191900;0;1919;00/1919
28;191914;14;1919;14/1919
29;191913;13;1919;13/1919
30;191901;1;1919;01/1919
31;191902;2;1919;02/1919
32;191903;3;1919;03/1919
33;191904;4;1919;04/1919
34;191905;5;1919;05/1919
35;191906;6;1919;06/1919
36;191907;7;1919;07/1919
37;191908;8;1919;08/1919
38;191909;9;1919;09/1919
39;191910;10;1919;10/1919
40;191911;11;1919;11/1919
41;191912;12;1919;12/1919
42;192000;0;1920;00/1920
43;192014;14;1920;14/1920
44;192013;13;1920;13/1920
45;192001;1;1920;01/1920
46;192002;2;1920;02/1920
47;192003;3;1920;03/1920
48;192004;4;1920;04/1920
49;192005;5;1920;05/1920
50;192006;6;1920;06/1920
51;192007;7;1920;07/1920
52;192008;8;1920;08/1920
53;192009;9;1920;09/1920
54;192010;10;1920;10/1920
55;192011;11;1920;11/1920
56;192012;12;1920;12/1920
57;192100;0;1921;00/1921
58;192114;14;1921;14/1921
59;192113;13;1921;13/1921
60;192101;1;1921;01/1921
61;192102;2;1921;02/1921
62;192103;3;1921;03/1921
63;192104;4;1921;04/1921
64;192105;5;1921;05/1921
65;192106;6;1921;06/1921
66;192107;7;1921;07/1921
67;192108;8;1921;08/1921
68;192109;9;1921;09/1921
69;192110;10;1921;10/1921
70;192111;11;1921;11/1921
71;192112;12;1921;12/1921
72;192200;0;1922;00/1922
73;192214;14;1922;14/1922
74;192213;13;1922;13/1922
75;192201;1;1922;01/1922
76;192202;2;1922;02/1922
77;192203;3;1922;03/1922
78;192204;4;1922;04/1922
79;192205;5;1922;05/1922
80;192206;6;1922;06/1922
81;192207;7;1922;07/1922
82;192208;8;1922;08/1922
83;192209;9;1922;09/1922
84;192210;10;1922;10/1922
85;192211;11;1922;11/1922
86;192212;12;1922;12/1922
87;192300;0;1923;00/1923
88;192314;14;1923;14/1923
89;192313;13;1923;13/1923
90;192301;1;1923;01/1923
91;192302;2;1923;02/1923
92;192303;3;1923;03/1923
93;192304;4;1923;04/1923
94;192305;5;1923;05/1923
95;192306;6;1923;06/1923
96;192307;7;1923;07/1923
97;192308;8;1923;08/1923
98;192309;9;1923;09/1923
99;192310;10;1923;10/1923
100;192311;11;1923;11/1923
101;192312;12;1923;12/1923
102;192400;0;1924;00/1924
103;192414;14;1924;14/1924
104;192413;13;1924;13/1924
105;192401;1;1924;01/1924
106;192402;2;1924;02/1924
107;192403;3;1924;03/1924
108;192404;4;1924;04/1924
109;192405;5;1924;05/1924
110;192406;6;1924;06/1924
111;192407;7;1924;07/1924
112;192408;8;1924;08/1924
113;192409;9;1924;09/1924
114;192410;10;1924;10/1924
115;192411;11;1924;11/1924
116;192412;12;1924;12/1924
117;192500;0;1925;00/1925
118;192514;14;1925;14/1925
119;192513;13;1925;13/1925
120;192501;1;1925;01/1925
121;192502;2;1925;02/1925
122;192503;3;1925;03/1925
123;192504;4;1925;04/1925
124;192505;5;1925;05/1925
125;192506;6;1925;06/1925
126;192507;7;1925;07/1925
127;192508;8;1925;08/1925
128;192509;9;1925;09/1925
129;192510;10;1925;10/1925
130;199013;13;1990;13/1990
131;199001;1;1990;01/1990
132;199002;2;1990;02/1990
133;199003;3;1990;03/1990
134;199004;4;1990;04/1990
135;199005;5;1990;05/1990
136;199006;6;1990;06/1990
137;199007;7;1990;07/1990
138;199008;8;1990;08/1990
139;199009;9;1990;09/1990
140;199010;10;1990;10/1990
141;199011;11;1990;11/1990
142;199012;12;1990;12/1990
143;199100;0;1991;00/1991
144;199114;14;1991;14/1991
145;199113;13;1991;13/1991
146;199101;1;1991;01/1991
147;199102;2;1991;02/1991
148;199103;3;1991;03/1991
149;199104;4;1991;04/1991
150;199105;5;1991;05/1991
151;199106;6;1991;06/1991
152;199107;7;1991;07/1991
153;199108;8;1991;08/1991
154;199109;9;1991;09/1991
155;199110;10;1991;10/1991
156;199111;11;1991;11/1991
157;199112;12;1991;12/1991
158;199200;0;1992;00/1992
159;199214;14;1992;14/1992
160;199213;13;1992;13/1992
161;199201;1;1992;01/1992
162;199202;2;1992;02/1992
163;199203;3;1992;03/1992
164;199204;4;1992;04/1992
165;199205;5;1992;05/1992
166;199206;6;1992;06/1992
167;199207;7;1992;07/1992
168;199208;8;1992;08/1992
169;199209;9;1992;09/1992
170;199210;10;1992;10/1992
171;199211;11;1992;11/1992
172;199212;12;1992;12/1992
173;199300;0;1993;00/1993
174;199314;14;1993;14/1993
175;199313;13;1993;13/1993
176;199301;1;1993;01/1993
177;199302;2;1993;02/1993
178;199303;3;1993;03/1993
179;199304;4;1993;04/1993
180;199305;5;1993;05/1993
181;199306;6;1993;06/1993
182;199307;7;1993;07/1993
183;199308;8;1993;08/1993
184;199309;9;1993;09/1993
185;199310;10;1993;10/1993
186;199311;11;1993;11/1993
187;199312;12;1993;12/1993
188;199400;0;1994;00/1994
189;199414;14;1994;14/1994
190;199413;13;1994;13/1994
191;199401;1;1994;01/1994
192;199402;2;1994;02/1994
193;199403;3;1994;03/1994
194;199404;4;1994;04/1994
195;199405;5;1994;05/1994
196;199406;6;1994;06/1994
197;199407;7;1994;07/1994
198;199408;8;1994;08/1994
199;198105;5;1981;05/1981
200;198106;6;1981;06/1981
201;198107;7;1981;07/1981
202;198108;8;1981;08/1981
203;198109;9;1981;09/1981
204;198110;10;1981;10/1981
205;198111;11;1981;11/1981
206;198112;12;1981;12/1981
207;198200;0;1982;00/1982
208;198214;14;1982;14/1982
209;198213;13;1982;13/1982
210;198201;1;1982;01/1982
211;198202;2;1982;02/1982
212;198203;3;1982;03/1982
213;198204;4;1982;04/1982
214;198205;5;1982;05/1982
215;198206;6;1982;06/1982
216;198207;7;1982;07/1982
217;198208;8;1982;08/1982
218;198209;9;1982;09/1982
219;198210;10;1982;10/1982
220;198211;11;1982;11/1982
221;198212;12;1982;12/1982
222;198300;0;1983;00/1983
223;198314;14;1983;14/1983
224;198313;13;1983;13/1983
225;198301;1;1983;01/1983
226;198302;2;1983;02/1983
227;198303;3;1983;03/1983
228;198304;4;1983;04/1983
229;198305;5;1983;05/1983
230;198306;6;1983;06/1983
231;198307;7;1983;07/1983
232;198308;8;1983;08/1983
233;198309;9;1983;09/1983
234;198310;10;1983;10/1983
235;198311;11;1983;11/1983
236;198312;12;1983;12/1983
237;198400;0;1984;00/1984
238;198414;14;1984;14/1984
239;198413;13;1984;13/1984
240;198401;1;1984;01/1984
241;198402;2;1984;02/1984
242;198403;3;1984;03/1984
243;198404;4;1984;04/1984
244;198405;5;1984;05/1984
245;198406;6;1984;06/1984
246;198407;7;1984;07/1984
247;198408;8;1984;08/1984
248;198409;9;1984;09/1984
249;198410;10;1984;10/1984
250;198411;11;1984;11/1984
251;198412;12;1984;12/1984
252;198500;0;1985;00/1985
253;198514;14;1985;14/1985
254;198513;13;1985;13/1985
255;198501;1;1985;01/1985
256;198502;2;1985;02/1985
257;198503;3;1985;03/1985
258;198504;4;1985;04/1985
259;198505;5;1985;05/1985
260;198506;6;1985;06/1985
261;198507;7;1985;07/1985
262;198508;8;1985;08/1985
263;198509;9;1985;09/1985
264;198510;10;1985;10/1985
265;198511;11;1985;11/1985
266;198512;12;1985;12/1985
267;198600;0;1986;00/1986
268;198614;14;1986;14/1986
269;198613;13;1986;13/1986
270;198601;1;1986;01/1986
271;198602;2;1986;02/1986
272;198714;14;1987;14/1987
273;198603;3;1986;03/1986
274;198604;4;1986;04/1986
275;198605;5;1986;05/1986
276;198606;6;1986;06/1986
277;198607;7;1986;07/1986
278;198608;8;1986;08/1986
279;198609;9;1986;09/1986
280;198610;10;1986;10/1986
281;198611;11;1986;11/1986
282;198612;12;1986;12/1986
283;198700;0;1987;00/1987
284;198713;13;1987;13/1987
285;198701;1;1987;01/1987
286;198702;2;1987;02/1987
287;198703;3;1987;03/1987
288;198704;4;1987;04/1987
289;198705;5;1987;05/1987
290;198706;6;1987;06/1987
291;198707;7;1987;07/1987
292;198708;8;1987;08/1987
293;198709;9;1987;09/1987
294;198710;10;1987;10/1987
295;198711;11;1987;11/1987
296;198712;12;1987;12/1987
297;198800;0;1988;00/1988
298;198814;14;1988;14/1988
299;198813;13;1988;13/1988
300;198801;1;1988;01/1988
301;198802;2;1988;02/1988
302;198803;3;1988;03/1988
303;198804;4;1988;04/1988
304;198805;5;1988;05/1988
305;198806;6;1988;06/1988
306;198807;7;1988;07/1988
307;198808;8;1988;08/1988
308;198809;9;1988;09/1988
309;198810;10;1988;10/1988
310;198811;11;1988;11/1988
311;198812;12;1988;12/1988
312;198900;0;1989;00/1989
313;198914;14;1989;14/1989
314;198913;13;1989;13/1989
315;198901;1;1989;01/1989
316;198902;2;1989;02/1989
317;198903;3;1989;03/1989
318;198904;4;1989;04/1989
319;198905;5;1989;05/1989
320;198906;6;1989;06/1989
321;198907;7;1989;07/1989
322;198908;8;1989;08/1989
323;198909;9;1989;09/1989
324;198910;10;1989;10/1989
325;198911;11;1989;11/1989
326;198912;12;1989;12/1989
327;199000;0;1990;00/1990
328;199014;14;1990;14/1990
329;190808;8;1908;08/1908
330;190809;9;1908;09/1908
331;190810;10;1908;10/1908
332;190811;11;1908;11/1908
333;190812;12;1908;12/1908
334;190900;0;1909;00/1909
335;190914;14;1909;14/1909
336;190913;13;1909;13/1909
337;190901;1;1909;01/1909
338;190902;2;1909;02/1909
339;190903;3;1909;03/1909
340;190904;4;1909;04/1909
341;190905;5;1909;05/1909
342;190906;6;1909;06/1909
343;190907;7;1909;07/1909
344;190908;8;1909;08/1909
345;190909;9;1909;09/1909
346;190910;10;1909;10/1909
347;190911;11;1909;11/1909
348;190912;12;1909;12/1909
349;191000;0;1910;00/1910
350;191014;14;1910;14/1910
351;191013;13;1910;13/1910
352;191001;1;1910;01/1910
353;191002;2;1910;02/1910
354;191003;3;1910;03/1910
355;191004;4;1910;04/1910
356;191005;5;1910;05/1910
357;191006;6;1910;06/1910
358;191007;7;1910;07/1910
359;191008;8;1910;08/1910
360;191009;9;1910;09/1910
361;191010;10;1910;10/1910
362;191011;11;1910;11/1910
363;191012;12;1910;12/1910
364;191100;0;1911;00/1911
365;191114;14;1911;14/1911
366;191113;13;1911;13/1911
367;191101;1;1911;01/1911
368;191102;2;1911;02/1911
369;191103;3;1911;03/1911
370;191104;4;1911;04/1911
371;191105;5;1911;05/1911
372;191106;6;1911;06/1911
373;191107;7;1911;07/1911
374;191108;8;1911;08/1911
375;191109;9;1911;09/1911
376;191110;10;1911;10/1911
377;191111;11;1911;11/1911
378;191112;12;1911;12/1911
379;191200;0;1912;00/1912
380;191214;14;1912;14/1912
381;191213;13;1912;13/1912
382;191201;1;1912;01/1912
383;191202;2;1912;02/1912
384;191203;3;1912;03/1912
385;191204;4;1912;04/1912
386;191205;5;1912;05/1912
387;191206;6;1912;06/1912
388;191207;7;1912;07/1912
389;191208;8;1912;08/1912
390;191209;9;1912;09/1912
391;191210;10;1912;10/1912
392;191211;11;1912;11/1912
393;191212;12;1912;12/1912
394;191300;0;1913;00/1913
395;191314;14;1913;14/1913
396;191313;13;1913;13/1913
397;191301;1;1913;01/1913
398;191302;2;1913;02/1913
399;191303;3;1913;03/1913
400;191304;4;1913;04/1913
401;191305;5;1913;05/1913
402;191306;6;1913;06/1913
403;191307;7;1913;07/1913
404;191308;8;1913;08/1913
405;191309;9;1913;09/1913
406;191310;10;1913;10/1913
407;191311;11;1913;11/1913
408;191312;12;1913;12/1913
409;191400;0;1914;00/1914
410;191414;14;1914;14/1914
411;191413;13;1914;13/1914
412;191401;1;1914;01/1914
413;191402;2;1914;02/1914
414;191403;3;1914;03/1914
415;191404;4;1914;04/1914
416;191405;5;1914;05/1914
417;191406;6;1914;06/1914
418;191407;7;1914;07/1914
419;191408;8;1914;08/1914
420;191409;9;1914;09/1914
421;191410;10;1914;10/1914
422;191411;11;1914;11/1914
423;191412;12;1914;12/1914
424;191500;0;1915;00/1915
425;191514;14;1915;14/1915
426;191513;13;1915;13/1915
427;191501;1;1915;01/1915
428;191502;2;1915;02/1915
429;191503;3;1915;03/1915
430;191504;4;1915;04/1915
431;191505;5;1915;05/1915
432;191506;6;1915;06/1915
433;191507;7;1915;07/1915
434;191508;8;1915;08/1915
435;191509;9;1915;09/1915
436;191510;10;1915;10/1915
437;191511;11;1915;11/1915
438;191512;12;1915;12/1915
439;191600;0;1916;00/1916
440;191614;14;1916;14/1916
441;191613;13;1916;13/1916
442;191601;1;1916;01/1916
443;191602;2;1916;02/1916
444;191603;3;1916;03/1916
445;191604;4;1916;04/1916
446;191605;5;1916;05/1916
447;191606;6;1916;06/1916
448;191607;7;1916;07/1916
449;191608;8;1916;08/1916
450;191609;9;1916;09/1916
451;191610;10;1916;10/1916
452;191611;11;1916;11/1916
453;191612;12;1916;12/1916
454;191700;0;1917;00/1917
455;191714;14;1917;14/1917
456;191713;13;1917;13/1917
457;191701;1;1917;01/1917
458;196402;2;1964;02/1964
459;196403;3;1964;03/1964
460;196404;4;1964;04/1964
461;196405;5;1964;05/1964
462;196406;6;1964;06/1964
463;196407;7;1964;07/1964
464;196408;8;1964;08/1964
465;196409;9;1964;09/1964
466;196410;10;1964;10/1964
467;196411;11;1964;11/1964
468;196412;12;1964;12/1964
469;196500;0;1965;00/1965
470;196514;14;1965;14/1965
471;196513;13;1965;13/1965
472;196501;1;1965;01/1965
473;196502;2;1965;02/1965
474;196503;3;1965;03/1965
475;196504;4;1965;04/1965
476;196505;5;1965;05/1965
477;196506;6;1965;06/1965
478;196507;7;1965;07/1965
479;196508;8;1965;08/1965
480;196509;9;1965;09/1965
481;196510;10;1965;10/1965
482;196511;11;1965;11/1965
483;196512;12;1965;12/1965
484;196600;0;1966;00/1966
485;196614;14;1966;14/1966
486;196613;13;1966;13/1966
487;196601;1;1966;01/1966
488;196602;2;1966;02/1966
489;196603;3;1966;03/1966
490;196604;4;1966;04/1966
491;196605;5;1966;05/1966
492;196606;6;1966;06/1966
493;196607;7;1966;07/1966
494;196608;8;1966;08/1966
495;196609;9;1966;09/1966
496;196610;10;1966;10/1966
497;196611;11;1966;11/1966
498;196612;12;1966;12/1966
499;196700;0;1967;00/1967
500;196714;14;1967;14/1967
501;196713;13;1967;13/1967
502;196701;1;1967;01/1967
503;196702;2;1967;02/1967
504;196703;3;1967;03/1967
505;196704;4;1967;04/1967
506;196705;5;1967;05/1967
507;196706;6;1967;06/1967
508;196707;7;1967;07/1967
509;196708;8;1967;08/1967
510;196709;9;1967;09/1967
511;196710;10;1967;10/1967
512;196711;11;1967;11/1967
513;196712;12;1967;12/1967
514;196800;0;1968;00/1968
515;196814;14;1968;14/1968
516;196813;13;1968;13/1968
517;196801;1;1968;01/1968
518;203709;9;2037;09/2037
519;203710;10;2037;10/2037
520;203711;11;2037;11/2037
521;203712;12;2037;12/2037
522;203800;0;2038;00/2038
523;203814;14;2038;14/2038
524;203813;13;2038;13/2038
525;203801;1;2038;01/2038
526;203802;2;2038;02/2038
527;203803;3;2038;03/2038
528;203804;4;2038;04/2038
529;203805;5;2038;05/2038
530;203806;6;2038;06/2038
531;203807;7;2038;07/2038
532;203808;8;2038;08/2038
533;203809;9;2038;09/2038
534;203810;10;2038;10/2038
535;203811;11;2038;11/2038
536;203812;12;2038;12/2038
537;203900;0;2039;00/2039
538;203914;14;2039;14/2039
539;203913;13;2039;13/2039
540;203901;1;2039;01/2039
541;203902;2;2039;02/2039
542;203903;3;2039;03/2039
543;203904;4;2039;04/2039
544;203905;5;2039;05/2039
545;203906;6;2039;06/2039
546;203907;7;2039;07/2039
547;203908;8;2039;08/2039
548;203909;9;2039;09/2039
549;203910;10;2039;10/2039
550;203911;11;2039;11/2039
551;203912;12;2039;12/2039
552;204000;0;2040;00/2040
553;204014;14;2040;14/2040
554;204013;13;2040;13/2040
555;204001;1;2040;01/2040
556;204002;2;2040;02/2040
557;204003;3;2040;03/2040
558;204004;4;2040;04/2040
559;204005;5;2040;05/2040
560;204006;6;2040;06/2040
561;204007;7;2040;07/2040
562;204008;8;2040;08/2040
563;204009;9;2040;09/2040
564;204010;10;2040;10/2040
565;204011;11;2040;11/2040
566;204012;12;2040;12/2040
567;204100;0;2041;00/2041
568;204114;14;2041;14/2041
569;204113;13;2041;13/2041
570;204101;1;2041;01/2041
571;204102;2;2041;02/2041
572;204103;3;2041;03/2041
573;204104;4;2041;04/2041
574;204105;5;2041;05/2041
575;204106;6;2041;06/2041
576;204107;7;2041;07/2041
577;204108;8;2041;08/2041
578;204109;9;2041;09/2041
579;204110;10;2041;10/2041
580;204111;11;2041;11/2041
581;204112;12;2041;12/2041
582;204200;0;2042;00/2042
583;204214;14;2042;14/2042
584;204213;13;2042;13/2042
585;204201;1;2042;01/2042
586;204202;2;2042;02/2042
587;204203;3;2042;03/2042
588;204204;4;2042;04/2042
589;204205;5;2042;05/2042
590;204206;6;2042;06/2042
591;204207;7;2042;07/2042
592;204208;8;2042;08/2042
593;204209;9;2042;09/2042
594;204210;10;2042;10/2042
595;204211;11;2042;11/2042
596;204212;12;2042;12/2042
597;204300;0;2043;00/2043
598;204314;14;2043;14/2043
599;204313;13;2043;13/2043
600;204301;1;2043;01/2043
601;204302;2;2043;02/2043
602;204303;3;2043;03/2043
603;204304;4;2043;04/2043
604;204305;5;2043;05/2043
605;204306;6;2043;06/2043
606;204307;7;2043;07/2043
607;204308;8;2043;08/2043
608;204309;9;2043;09/2043
609;204310;10;2043;10/2043
610;204311;11;2043;11/2043
611;204312;12;2043;12/2043
612;204400;0;2044;00/2044
613;204414;14;2044;14/2044
614;204413;13;2044;13/2044
615;204401;1;2044;01/2044
616;204402;2;2044;02/2044
617;204403;3;2044;03/2044
618;204404;4;2044;04/2044
619;204405;5;2044;05/2044
620;204406;6;2044;06/2044
621;204407;7;2044;07/2044
622;204408;8;2044;08/2044
623;204409;9;2044;09/2044
624;204410;10;2044;10/2044
625;204411;11;2044;11/2044
626;204412;12;2044;12/2044
627;204500;0;2045;00/2045
628;204514;14;2045;14/2045
629;204513;13;2045;13/2045
630;204501;1;2045;01/2045
631;204502;2;2045;02/2045
632;204503;3;2045;03/2045
633;204504;4;2045;04/2045
634;204505;5;2045;05/2045
635;204506;6;2045;06/2045
636;204507;7;2045;07/2045
637;204508;8;2045;08/2045
638;204509;9;2045;09/2045
639;204510;10;2045;10/2045
640;204511;11;2045;11/2045
641;204512;12;2045;12/2045
642;204600;0;2046;00/2046
643;204614;14;2046;14/2046
644;204613;13;2046;13/2046
645;204601;1;2046;01/2046
646;204602;2;2046;02/2046
647;196802;2;1968;02/1968
648;196803;3;1968;03/1968
649;196804;4;1968;04/1968
650;196805;5;1968;05/1968
651;196806;6;1968;06/1968
652;196807;7;1968;07/1968
653;196808;8;1968;08/1968
654;196809;9;1968;09/1968
655;196810;10;1968;10/1968
656;196811;11;1968;11/1968
657;197706;6;1977;06/1977
658;197707;7;1977;07/1977
659;197708;8;1977;08/1977
660;197709;9;1977;09/1977
661;197710;10;1977;10/1977
662;197711;11;1977;11/1977
663;197712;12;1977;12/1977
664;197800;0;1978;00/1978
665;197814;14;1978;14/1978
666;197813;13;1978;13/1978
667;197801;1;1978;01/1978
668;197802;2;1978;02/1978
669;197803;3;1978;03/1978
670;197804;4;1978;04/1978
671;197805;5;1978;05/1978
672;197806;6;1978;06/1978
673;197807;7;1978;07/1978
674;197808;8;1978;08/1978
675;197809;9;1978;09/1978
676;197810;10;1978;10/1978
677;197811;11;1978;11/1978
678;197812;12;1978;12/1978
679;197900;0;1979;00/1979
680;197914;14;1979;14/1979
681;197913;13;1979;13/1979
682;197901;1;1979;01/1979
683;197902;2;1979;02/1979
684;197903;3;1979;03/1979
685;197904;4;1979;04/1979
686;197905;5;1979;05/1979
687;197906;6;1979;06/1979
688;197907;7;1979;07/1979
689;197908;8;1979;08/1979
690;197909;9;1979;09/1979
691;197910;10;1979;10/1979
692;197911;11;1979;11/1979
693;197912;12;1979;12/1979
694;198000;0;1980;00/1980
695;198014;14;1980;14/1980
696;198013;13;1980;13/1980
697;198001;1;1980;01/1980
698;198002;2;1980;02/1980
699;198003;3;1980;03/1980
700;198004;4;1980;04/1980
701;198005;5;1980;05/1980
702;198006;6;1980;06/1980
703;198007;7;1980;07/1980
704;198008;8;1980;08/1980
705;198009;9;1980;09/1980
706;198010;10;1980;10/1980
707;198011;11;1980;11/1980
708;198012;12;1980;12/1980
709;198100;0;1981;00/1981
710;198114;14;1981;14/1981
711;198113;13;1981;13/1981
712;198101;1;1981;01/1981
713;198102;2;1981;02/1981
714;198103;3;1981;03/1981
715;198104;4;1981;04/1981
716;202913;13;2029;13/2029
717;202901;1;2029;01/2029
718;202902;2;2029;02/2029
719;202903;3;2029;03/2029
720;202904;4;2029;04/2029
721;202905;5;2029;05/2029
722;203000;0;2030;00/2030
723;202906;6;2029;06/2029
724;202907;7;2029;07/2029
725;202908;8;2029;08/2029
726;202909;9;2029;09/2029
727;202910;10;2029;10/2029
728;202911;11;2029;11/2029
729;202912;12;2029;12/2029
730;203014;14;2030;14/2030
731;203013;13;2030;13/2030
732;203001;1;2030;01/2030
733;203002;2;2030;02/2030
734;203003;3;2030;03/2030
735;203004;4;2030;04/2030
736;203005;5;2030;05/2030
737;203006;6;2030;06/2030
738;203007;7;2030;07/2030
739;203008;8;2030;08/2030
740;203009;9;2030;09/2030
741;203010;10;2030;10/2030
742;203011;11;2030;11/2030
743;203012;12;2030;12/2030
744;203100;0;2031;00/2031
745;203114;14;2031;14/2031
746;203113;13;2031;13/2031
747;203101;1;2031;01/2031
748;203102;2;2031;02/2031
749;203103;3;2031;03/2031
750;203104;4;2031;04/2031
751;203105;5;2031;05/2031
752;203106;6;2031;06/2031
753;203107;7;2031;07/2031
754;203108;8;2031;08/2031
755;203109;9;2031;09/2031
756;203110;10;2031;10/2031
757;203111;11;2031;11/2031
758;203112;12;2031;12/2031
759;203200;0;2032;00/2032
760;203214;14;2032;14/2032
761;203213;13;2032;13/2032
762;203201;1;2032;01/2032
763;203202;2;2032;02/2032
764;203203;3;2032;03/2032
765;203204;4;2032;04/2032
766;203205;5;2032;05/2032
767;203206;6;2032;06/2032
768;203207;7;2032;07/2032
769;203208;8;2032;08/2032
770;203209;9;2032;09/2032
771;203210;10;2032;10/2032
772;203211;11;2032;11/2032
773;203212;12;2032;12/2032
774;203300;0;2033;00/2033
775;203314;14;2033;14/2033
776;203313;13;2033;13/2033
777;203301;1;2033;01/2033
778;203302;2;2033;02/2033
779;203303;3;2033;03/2033
780;203304;4;2033;04/2033
781;203305;5;2033;05/2033
782;203306;6;2033;06/2033
783;203307;7;2033;07/2033
784;203308;8;2033;08/2033
785;203309;9;2033;09/2033
786;203310;10;2033;10/2033
787;203311;11;2033;11/2033
788;203312;12;2033;12/2033
789;203400;0;2034;00/2034
790;203414;14;2034;14/2034
791;203413;13;2034;13/2034
792;203401;1;2034;01/2034
793;203402;2;2034;02/2034
794;203403;3;2034;03/2034
795;203404;4;2034;04/2034
796;203405;5;2034;05/2034
797;203406;6;2034;06/2034
798;203407;7;2034;07/2034
799;203408;8;2034;08/2034
800;203409;9;2034;09/2034
801;203410;10;2034;10/2034
802;203411;11;2034;11/2034
803;203412;12;2034;12/2034
804;203500;0;2035;00/2035
805;203514;14;2035;14/2035
806;203513;13;2035;13/2035
807;203501;1;2035;01/2035
808;203502;2;2035;02/2035
809;203503;3;2035;03/2035
810;203504;4;2035;04/2035
811;203505;5;2035;05/2035
812;203506;6;2035;06/2035
813;203507;7;2035;07/2035
814;203508;8;2035;08/2035
815;203509;9;2035;09/2035
816;203510;10;2035;10/2035
817;203511;11;2035;11/2035
818;203512;12;2035;12/2035
819;203600;0;2036;00/2036
820;203614;14;2036;14/2036
821;203613;13;2036;13/2036
822;203601;1;2036;01/2036
823;203602;2;2036;02/2036
824;203603;3;2036;03/2036
825;203604;4;2036;04/2036
826;203605;5;2036;05/2036
827;203606;6;2036;06/2036
828;203607;7;2036;07/2036
829;203608;8;2036;08/2036
830;203609;9;2036;09/2036
831;203610;10;2036;10/2036
832;203611;11;2036;11/2036
833;203612;12;2036;12/2036
834;203700;0;2037;00/2037
835;203714;14;2037;14/2037
836;203713;13;2037;13/2037
837;203701;1;2037;01/2037
838;203702;2;2037;02/2037
839;203703;3;2037;03/2037
840;203704;4;2037;04/2037
841;203705;5;2037;05/2037
842;203706;6;2037;06/2037
843;203707;7;2037;07/2037
844;203708;8;2037;08/2037
845;197211;11;1972;11/1972
846;197212;12;1972;12/1972
847;197300;0;1973;00/1973
848;197314;14;1973;14/1973
849;197313;13;1973;13/1973
850;197301;1;1973;01/1973
851;197302;2;1973;02/1973
852;197303;3;1973;03/1973
853;197304;4;1973;04/1973
854;197305;5;1973;05/1973
855;197306;6;1973;06/1973
856;197307;7;1973;07/1973
857;197308;8;1973;08/1973
858;197309;9;1973;09/1973
859;197310;10;1973;10/1973
860;197311;11;1973;11/1973
861;197312;12;1973;12/1973
862;197400;0;1974;00/1974
863;197414;14;1974;14/1974
864;197413;13;1974;13/1974
865;197401;1;1974;01/1974
866;197402;2;1974;02/1974
867;197403;3;1974;03/1974
868;197404;4;1974;04/1974
869;197405;5;1974;05/1974
870;197406;6;1974;06/1974
871;197407;7;1974;07/1974
872;197408;8;1974;08/1974
873;197409;9;1974;09/1974
874;197410;10;1974;10/1974
875;197411;11;1974;11/1974
876;197412;12;1974;12/1974
877;197500;0;1975;00/1975
878;197514;14;1975;14/1975
879;197513;13;1975;13/1975
880;197501;1;1975;01/1975
881;197502;2;1975;02/1975
882;197503;3;1975;03/1975
883;197504;4;1975;04/1975
884;197505;5;1975;05/1975
885;197506;6;1975;06/1975
886;197507;7;1975;07/1975
887;197508;8;1975;08/1975
888;197509;9;1975;09/1975
889;197510;10;1975;10/1975
890;197511;11;1975;11/1975
891;197512;12;1975;12/1975
892;197600;0;1976;00/1976
893;197614;14;1976;14/1976
894;197613;13;1976;13/1976
895;197601;1;1976;01/1976
896;197602;2;1976;02/1976
897;197603;3;1976;03/1976
898;197604;4;1976;04/1976
899;197605;5;1976;05/1976
900;197606;6;1976;06/1976
901;197607;7;1976;07/1976
902;197608;8;1976;08/1976
903;197609;9;1976;09/1976
904;197610;10;1976;10/1976
905;197611;11;1976;11/1976
906;197612;12;1976;12/1976
907;197700;0;1977;00/1977
908;197714;14;1977;14/1977
909;197713;13;1977;13/1977
910;197701;1;1977;01/1977
911;197702;2;1977;02/1977
912;197703;3;1977;03/1977
913;197704;4;1977;04/1977
914;197705;5;1977;05/1977
915;196003;3;1960;03/1960
916;196004;4;1960;04/1960
917;196005;5;1960;05/1960
918;196006;6;1960;06/1960
919;196007;7;1960;07/1960
920;196008;8;1960;08/1960
921;196009;9;1960;09/1960
922;196010;10;1960;10/1960
923;196011;11;1960;11/1960
924;196012;12;1960;12/1960
925;196100;0;1961;00/1961
926;196114;14;1961;14/1961
927;196113;13;1961;13/1961
928;196101;1;1961;01/1961
929;196102;2;1961;02/1961
930;196103;3;1961;03/1961
931;196104;4;1961;04/1961
932;196105;5;1961;05/1961
933;196106;6;1961;06/1961
934;196107;7;1961;07/1961
935;196108;8;1961;08/1961
936;196109;9;1961;09/1961
937;196110;10;1961;10/1961
938;196111;11;1961;11/1961
939;196112;12;1961;12/1961
940;196200;0;1962;00/1962
941;196214;14;1962;14/1962
942;196213;13;1962;13/1962
943;196201;1;1962;01/1962
944;196202;2;1962;02/1962
945;196203;3;1962;03/1962
946;196204;4;1962;04/1962
947;196205;5;1962;05/1962
948;196206;6;1962;06/1962
949;196207;7;1962;07/1962
950;196208;8;1962;08/1962
951;196209;9;1962;09/1962
952;196210;10;1962;10/1962
953;196211;11;1962;11/1962
954;196212;12;1962;12/1962
955;196300;0;1963;00/1963
956;196314;14;1963;14/1963
957;196313;13;1963;13/1963
958;196301;1;1963;01/1963
959;196302;2;1963;02/1963
960;196303;3;1963;03/1963
961;196304;4;1963;04/1963
962;196305;5;1963;05/1963
963;196306;6;1963;06/1963
964;196307;7;1963;07/1963
965;196308;8;1963;08/1963
966;196309;9;1963;09/1963
967;196310;10;1963;10/1963
968;196311;11;1963;11/1963
969;196312;12;1963;12/1963
970;196400;0;1964;00/1964
971;196414;14;1964;14/1964
972;196413;13;1964;13/1964
973;196401;1;1964;01/1964
974;202006;6;2020;06/2020
975;202007;7;2020;07/2020
976;202008;8;2020;08/2020
977;202009;9;2020;09/2020
978;202010;10;2020;10/2020
979;202011;11;2020;11/2020
980;202012;12;2020;12/2020
981;202100;0;2021;00/2021
982;202114;14;2021;14/2021
983;202113;13;2021;13/2021
984;202101;1;2021;01/2021
985;202102;2;2021;02/2021
986;202103;3;2021;03/2021
987;202104;4;2021;04/2021
988;202105;5;2021;05/2021
989;202106;6;2021;06/2021
990;202107;7;2021;07/2021
991;202108;8;2021;08/2021
992;202109;9;2021;09/2021
993;202110;10;2021;10/2021
994;202111;11;2021;11/2021
995;202112;12;2021;12/2021
996;202200;0;2022;00/2022
997;202214;14;2022;14/2022
998;202213;13;2022;13/2022
999;202201;1;2022;01/2022
1000;202202;2;2022;02/2022
1001;202203;3;2022;03/2022
1002;202204;4;2022;04/2022
1003;202205;5;2022;05/2022
1004;202206;6;2022;06/2022
1005;202207;7;2022;07/2022
1006;202208;8;2022;08/2022
1007;202209;9;2022;09/2022
1008;202210;10;2022;10/2022
1260;195704;4;1957;04/1957
1261;195705;5;1957;05/1957
1262;195706;6;1957;06/1957
1263;195707;7;1957;07/1957
1264;195708;8;1957;08/1957
1265;195709;9;1957;09/1957
1266;195710;10;1957;10/1957
1267;195711;11;1957;11/1957
1268;195712;12;1957;12/1957
1269;195800;0;1958;00/1958
1270;195814;14;1958;14/1958
1271;195813;13;1958;13/1958
1272;195801;1;1958;01/1958
1273;195802;2;1958;02/1958
1274;195803;3;1958;03/1958
1275;195804;4;1958;04/1958
1276;195805;5;1958;05/1958
1277;195806;6;1958;06/1958
1278;195807;7;1958;07/1958
1279;195808;8;1958;08/1958
1280;195809;9;1958;09/1958
1281;195810;10;1958;10/1958
1282;195811;11;1958;11/1958
1283;195812;12;1958;12/1958
1284;195900;0;1959;00/1959
1285;195914;14;1959;14/1959
1286;195913;13;1959;13/1959
1287;195901;1;1959;01/1959
1288;195902;2;1959;02/1959
1289;195903;3;1959;03/1959
1290;195904;4;1959;04/1959
1291;195905;5;1959;05/1959
1292;195906;6;1959;06/1959
1293;195907;7;1959;07/1959
1294;195908;8;1959;08/1959
1295;195909;9;1959;09/1959
1296;195910;10;1959;10/1959
1297;195911;11;1959;11/1959
1298;195912;12;1959;12/1959
1299;196000;0;1960;00/1960
1300;196014;14;1960;14/1960
1301;196013;13;1960;13/1960
1302;196001;1;1960;01/1960
1303;196002;2;1960;02/1960
1304;196812;12;1968;12/1968
1305;196900;0;1969;00/1969
1306;196914;14;1969;14/1969
1307;196913;13;1969;13/1969
1308;196901;1;1969;01/1969
1309;196902;2;1969;02/1969
1310;196903;3;1969;03/1969
1311;196904;4;1969;04/1969
1312;196905;5;1969;05/1969
1313;196906;6;1969;06/1969
1314;196907;7;1969;07/1969
1315;196908;8;1969;08/1969
1316;196909;9;1969;09/1969
1317;196910;10;1969;10/1969
1318;196911;11;1969;11/1969
1319;196912;12;1969;12/1969
1320;197000;0;1970;00/1970
1321;197014;14;1970;14/1970
1322;197013;13;1970;13/1970
1323;197001;1;1970;01/1970
1324;197002;2;1970;02/1970
1325;197003;3;1970;03/1970
1326;197004;4;1970;04/1970
1327;197005;5;1970;05/1970
1328;197006;6;1970;06/1970
1329;197007;7;1970;07/1970
1330;197008;8;1970;08/1970
1331;197009;9;1970;09/1970
1332;197010;10;1970;10/1970
1333;197011;11;1970;11/1970
1334;197012;12;1970;12/1970
1335;197100;0;1971;00/1971
1336;197114;14;1971;14/1971
1337;197113;13;1971;13/1971
1338;197101;1;1971;01/1971
1339;197102;2;1971;02/1971
1340;197103;3;1971;03/1971
1341;197104;4;1971;04/1971
1342;197105;5;1971;05/1971
1343;197106;6;1971;06/1971
1344;197107;7;1971;07/1971
1345;197108;8;1971;08/1971
1346;197109;9;1971;09/1971
1347;197110;10;1971;10/1971
1348;197111;11;1971;11/1971
1349;197112;12;1971;12/1971
1350;197200;0;1972;00/1972
1351;197214;14;1972;14/1972
1352;197213;13;1972;13/1972
1353;197201;1;1972;01/1972
1354;197202;2;1972;02/1972
1355;197203;3;1972;03/1972
1356;197204;4;1972;04/1972
1357;197205;5;1972;05/1972
1358;197206;6;1972;06/1972
1359;197207;7;1972;07/1972
1360;197208;8;1972;08/1972
1361;197209;9;1972;09/1972
1362;197210;10;1972;10/1972
1363;190013;13;1900;13/1900
1364;190001;1;1900;01/1900
1365;190002;2;1900;02/1900
1366;190003;3;1900;03/1900
1367;190004;4;1900;04/1900
1368;190005;5;1900;05/1900
1369;190006;6;1900;06/1900
1370;190007;7;1900;07/1900
1371;190008;8;1900;08/1900
1372;190009;9;1900;09/1900
1373;190010;10;1900;10/1900
1374;190011;11;1900;11/1900
1375;190012;12;1900;12/1900
1376;190100;0;1901;00/1901
1377;190114;14;1901;14/1901
1378;190113;13;1901;13/1901
1379;190101;1;1901;01/1901
1380;190102;2;1901;02/1901
1381;190103;3;1901;03/1901
1382;190104;4;1901;04/1901
1383;190105;5;1901;05/1901
1384;190106;6;1901;06/1901
1385;190107;7;1901;07/1901
1386;190108;8;1901;08/1901
1387;190109;9;1901;09/1901
1388;190110;10;1901;10/1901
1389;190111;11;1901;11/1901
1390;190112;12;1901;12/1901
1391;190200;0;1902;00/1902
1392;190214;14;1902;14/1902
1393;190213;13;1902;13/1902
1394;190201;1;1902;01/1902
1395;190202;2;1902;02/1902
1396;190203;3;1902;03/1902
1397;190204;4;1902;04/1902
1398;190205;5;1902;05/1902
1399;190206;6;1902;06/1902
1400;190207;7;1902;07/1902
1401;190208;8;1902;08/1902
1402;190209;9;1902;09/1902
1403;190210;10;1902;10/1902
1404;190211;11;1902;11/1902
1405;190212;12;1902;12/1902
1406;190300;0;1903;00/1903
1407;190314;14;1903;14/1903
1408;190313;13;1903;13/1903
1409;190301;1;1903;01/1903
1410;190302;2;1903;02/1903
1411;190303;3;1903;03/1903
1412;190304;4;1903;04/1903
1413;190305;5;1903;05/1903
1414;190306;6;1903;06/1903
1415;190307;7;1903;07/1903
1416;190308;8;1903;08/1903
1417;190309;9;1903;09/1903
1418;190310;10;1903;10/1903
1419;190311;11;1903;11/1903
1420;190312;12;1903;12/1903
1421;190400;0;1904;00/1904
1422;190414;14;1904;14/1904
1423;190413;13;1904;13/1904
1424;190401;1;1904;01/1904
1425;190402;2;1904;02/1904
1426;190403;3;1904;03/1904
1427;190404;4;1904;04/1904
1428;190405;5;1904;05/1904
1429;190406;6;1904;06/1904
1430;190407;7;1904;07/1904
1431;190408;8;1904;08/1904
1432;190409;9;1904;09/1904
1433;190410;10;1904;10/1904
1434;190411;11;1904;11/1904
1435;190412;12;1904;12/1904
1436;190500;0;1905;00/1905
1437;190514;14;1905;14/1905
1438;190513;13;1905;13/1905
1439;190501;1;1905;01/1905
1440;190502;2;1905;02/1905
1441;190503;3;1905;03/1905
1442;190504;4;1905;04/1905
1443;190505;5;1905;05/1905
1444;190506;6;1905;06/1905
1445;190507;7;1905;07/1905
1446;190508;8;1905;08/1905
1447;190509;9;1905;09/1905
1448;190510;10;1905;10/1905
1449;190511;11;1905;11/1905
1450;190512;12;1905;12/1905
1451;190600;0;1906;00/1906
1452;190614;14;1906;14/1906
1453;190613;13;1906;13/1906
1454;190601;1;1906;01/1906
1455;190602;2;1906;02/1906
1456;190603;3;1906;03/1906
1457;190604;4;1906;04/1906
1458;190605;5;1906;05/1906
1459;190606;6;1906;06/1906
1460;190607;7;1906;07/1906
1461;190608;8;1906;08/1906
1462;190609;9;1906;09/1906
1463;190610;10;1906;10/1906
1464;190611;11;1906;11/1906
1465;190612;12;1906;12/1906
1466;190700;0;1907;00/1907
1467;190714;14;1907;14/1907
1468;190713;13;1907;13/1907
1469;190701;1;1907;01/1907
1470;190702;2;1907;02/1907
1471;190703;3;1907;03/1907
1472;190704;4;1907;04/1907
1473;190705;5;1907;05/1907
1474;190706;6;1907;06/1907
1475;190707;7;1907;07/1907
1476;190708;8;1907;08/1907
1477;190709;9;1907;09/1907
1478;190710;10;1907;10/1907
1479;190711;11;1907;11/1907
1480;190712;12;1907;12/1907
1481;190800;0;1908;00/1908
1482;190814;14;1908;14/1908
1483;190813;13;1908;13/1908
1484;190801;1;1908;01/1908
1485;190802;2;1908;02/1908
1486;190803;3;1908;03/1908
1487;190804;4;1908;04/1908
1488;190805;5;1908;05/1908
1489;190806;6;1908;06/1908
1490;190807;7;1908;07/1908
1491;194714;14;1947;14/1947
1492;194713;13;1947;13/1947
1493;194701;1;1947;01/1947
1494;194702;2;1947;02/1947
1495;194703;3;1947;03/1947
1496;194704;4;1947;04/1947
1497;194705;5;1947;05/1947
1498;194706;6;1947;06/1947
1499;194707;7;1947;07/1947
1500;194708;8;1947;08/1947
1501;194709;9;1947;09/1947
1502;194710;10;1947;10/1947
1503;194711;11;1947;11/1947
1504;194712;12;1947;12/1947
1505;194800;0;1948;00/1948
1506;194814;14;1948;14/1948
1507;194813;13;1948;13/1948
1508;194801;1;1948;01/1948
1509;194802;2;1948;02/1948
1510;194803;3;1948;03/1948
1511;194804;4;1948;04/1948
1512;194805;5;1948;05/1948
1513;194806;6;1948;06/1948
1514;194807;7;1948;07/1948
1515;194808;8;1948;08/1948
1516;194809;9;1948;09/1948
1517;194810;10;1948;10/1948
1518;194811;11;1948;11/1948
1519;194812;12;1948;12/1948
1520;194900;0;1949;00/1949
1521;194914;14;1949;14/1949
1522;194913;13;1949;13/1949
1523;194901;1;1949;01/1949
1524;194902;2;1949;02/1949
1525;194903;3;1949;03/1949
1526;194904;4;1949;04/1949
1527;194905;5;1949;05/1949
1528;194906;6;1949;06/1949
1529;194907;7;1949;07/1949
1530;194908;8;1949;08/1949
1531;194909;9;1949;09/1949
1532;194910;10;1949;10/1949
1533;194911;11;1949;11/1949
1534;194912;12;1949;12/1949
1535;195000;0;1950;00/1950
1536;195014;14;1950;14/1950
1537;195013;13;1950;13/1950
1538;195001;1;1950;01/1950
1539;195002;2;1950;02/1950
1540;195003;3;1950;03/1950
1541;195004;4;1950;04/1950
1542;195005;5;1950;05/1950
1543;195006;6;1950;06/1950
1544;195007;7;1950;07/1950
1545;195008;8;1950;08/1950
1546;195009;9;1950;09/1950
1547;195010;10;1950;10/1950
1548;195011;11;1950;11/1950
1549;195012;12;1950;12/1950
1550;195100;0;1951;00/1951
1551;195114;14;1951;14/1951
1552;195113;13;1951;13/1951
1553;195101;1;1951;01/1951
1554;195102;2;1951;02/1951
1555;195103;3;1951;03/1951
1556;195104;4;1951;04/1951
1557;195105;5;1951;05/1951
1558;195106;6;1951;06/1951
1559;195107;7;1951;07/1951
1560;195108;8;1951;08/1951
1561;195109;9;1951;09/1951
1562;195200;0;1952;00/1952
1563;195110;10;1951;10/1951
1564;195111;11;1951;11/1951
1565;195112;12;1951;12/1951
1566;195214;14;1952;14/1952
1567;195213;13;1952;13/1952
1568;195201;1;1952;01/1952
1569;195202;2;1952;02/1952
1570;195203;3;1952;03/1952
1571;195204;4;1952;04/1952
1572;195205;5;1952;05/1952
1573;195206;6;1952;06/1952
1574;195207;7;1952;07/1952
1575;195208;8;1952;08/1952
1576;195209;9;1952;09/1952
1577;195210;10;1952;10/1952
1578;195211;11;1952;11/1952
1579;195212;12;1952;12/1952
1580;195300;0;1953;00/1953
1581;195314;14;1953;14/1953
1582;195313;13;1953;13/1953
1583;195301;1;1953;01/1953
1584;195302;2;1953;02/1953
1585;195303;3;1953;03/1953
1586;195304;4;1953;04/1953
1587;195305;5;1953;05/1953
1588;195306;6;1953;06/1953
1589;195307;7;1953;07/1953
1590;195308;8;1953;08/1953
1591;195309;9;1953;09/1953
1592;195310;10;1953;10/1953
1593;195311;11;1953;11/1953
1594;195312;12;1953;12/1953
1595;195400;0;1954;00/1954
1596;195414;14;1954;14/1954
1597;195413;13;1954;13/1954
1598;195401;1;1954;01/1954
1599;195402;2;1954;02/1954
1600;195403;3;1954;03/1954
1601;195404;4;1954;04/1954
1602;195405;5;1954;05/1954
1603;195406;6;1954;06/1954
1604;195407;7;1954;07/1954
1605;195408;8;1954;08/1954
1606;195409;9;1954;09/1954
1607;195410;10;1954;10/1954
1608;195411;11;1954;11/1954
1609;195412;12;1954;12/1954
1610;195500;0;1955;00/1955
1611;195514;14;1955;14/1955
1612;195513;13;1955;13/1955
1613;195501;1;1955;01/1955
1614;195502;2;1955;02/1955
1615;195503;3;1955;03/1955
1616;195504;4;1955;04/1955
1617;195505;5;1955;05/1955
1618;195506;6;1955;06/1955
1619;195507;7;1955;07/1955
1620;200303;3;2003;03/2003
1621;200304;4;2003;04/2003
1622;200305;5;2003;05/2003
1623;200306;6;2003;06/2003
1624;200307;7;2003;07/2003
1625;200308;8;2003;08/2003
1626;200309;9;2003;09/2003
1627;200310;10;2003;10/2003
1628;200311;11;2003;11/2003
1629;200312;12;2003;12/2003
1630;200400;0;2004;00/2004
1631;200414;14;2004;14/2004
1632;200413;13;2004;13/2004
1633;200401;1;2004;01/2004
1634;200402;2;2004;02/2004
1635;200403;3;2004;03/2004
1636;200404;4;2004;04/2004
1637;200405;5;2004;05/2004
1638;200406;6;2004;06/2004
1639;200407;7;2004;07/2004
1640;200408;8;2004;08/2004
1641;200409;9;2004;09/2004
1642;200410;10;2004;10/2004
1643;200411;11;2004;11/2004
1644;200412;12;2004;12/2004
1645;200500;0;2005;00/2005
1646;200514;14;2005;14/2005
1647;200513;13;2005;13/2005
1648;200501;1;2005;01/2005
1649;200502;2;2005;02/2005
1650;200503;3;2005;03/2005
1651;200504;4;2005;04/2005
1652;200505;5;2005;05/2005
1653;200506;6;2005;06/2005
1654;200507;7;2005;07/2005
1655;200508;8;2005;08/2005
1656;200509;9;2005;09/2005
1657;200510;10;2005;10/2005
1658;200511;11;2005;11/2005
1659;200512;12;2005;12/2005
1660;200600;0;2006;00/2006
1661;200614;14;2006;14/2006
1662;200613;13;2006;13/2006
1663;200601;1;2006;01/2006
1664;200602;2;2006;02/2006
1665;200603;3;2006;03/2006
1666;200604;4;2006;04/2006
1667;200605;5;2006;05/2006
1668;200606;6;2006;06/2006
1669;200607;7;2006;07/2006
1670;200608;8;2006;08/2006
1671;200609;9;2006;09/2006
1672;200610;10;2006;10/2006
1673;200611;11;2006;11/2006
1674;200612;12;2006;12/2006
1675;200700;0;2007;00/2007
1676;200714;14;2007;14/2007
1677;200713;13;2007;13/2007
1678;200701;1;2007;01/2007
1679;200702;2;2007;02/2007
1680;200703;3;2007;03/2007
1681;200704;4;2007;04/2007
1682;200705;5;2007;05/2007
1683;200706;6;2007;06/2007
1684;200707;7;2007;07/2007
1685;200708;8;2007;08/2007
1686;200709;9;2007;09/2007
1687;200710;10;2007;10/2007
1688;200711;11;2007;11/2007
1689;200712;12;2007;12/2007
1690;200800;0;2008;00/2008
1691;200814;14;2008;14/2008
1692;200813;13;2008;13/2008
1693;200801;1;2008;01/2008
1694;200802;2;2008;02/2008
1695;200803;3;2008;03/2008
1696;200804;4;2008;04/2008
1697;200805;5;2008;05/2008
1698;200806;6;2008;06/2008
1699;200807;7;2008;07/2008
1700;200808;8;2008;08/2008
1701;200809;9;2008;09/2008
1702;200810;10;2008;10/2008
1703;200811;11;2008;11/2008
1704;200812;12;2008;12/2008
1705;200900;0;2009;00/2009
1706;200914;14;2009;14/2009
1707;200913;13;2009;13/2009
1708;200901;1;2009;01/2009
1709;200902;2;2009;02/2009
1710;200903;3;2009;03/2009
1711;200904;4;2009;04/2009
1712;200905;5;2009;05/2009
1713;200906;6;2009;06/2009
1714;200907;7;2009;07/2009
1715;200908;8;2009;08/2009
1716;200909;9;2009;09/2009
1717;200910;10;2009;10/2009
1718;200911;11;2009;11/2009
1719;200912;12;2009;12/2009
1720;201000;0;2010;00/2010
1721;201014;14;2010;14/2010
1722;201013;13;2010;13/2010
1723;201001;1;2010;01/2010
1724;201002;2;2010;02/2010
1725;201003;3;2010;03/2010
1726;201004;4;2010;04/2010
1727;201005;5;2010;05/2010
1728;201006;6;2010;06/2010
1729;201007;7;2010;07/2010
1730;201008;8;2010;08/2010
1731;201009;9;2010;09/2010
1732;201010;10;2010;10/2010
1733;201011;11;2010;11/2010
1734;201012;12;2010;12/2010
1735;201100;0;2011;00/2011
1736;201114;14;2011;14/2011
1737;201113;13;2011;13/2011
1738;201101;1;2011;01/2011
1739;201102;2;2011;02/2011
1740;201103;3;2011;03/2011
1741;201104;4;2011;04/2011
1742;201105;5;2011;05/2011
1743;201106;6;2011;06/2011
1744;201107;7;2011;07/2011
1745;201108;8;2011;08/2011
1746;201109;9;2011;09/2011
1747;201110;10;2011;10/2011
1748;201111;11;2011;11/2011
1749;193804;4;1938;04/1938
1750;193805;5;1938;05/1938
1751;193806;6;1938;06/1938
1752;193807;7;1938;07/1938
1753;193808;8;1938;08/1938
1754;193809;9;1938;09/1938
1755;193810;10;1938;10/1938
1756;193811;11;1938;11/1938
1757;193812;12;1938;12/1938
1758;193900;0;1939;00/1939
1759;193914;14;1939;14/1939
1760;193913;13;1939;13/1939
1761;193901;1;1939;01/1939
1762;193902;2;1939;02/1939
1763;193903;3;1939;03/1939
1764;193904;4;1939;04/1939
1765;193905;5;1939;05/1939
1766;193906;6;1939;06/1939
1767;193907;7;1939;07/1939
1768;193908;8;1939;08/1939
1769;193909;9;1939;09/1939
1770;193910;10;1939;10/1939
1771;193911;11;1939;11/1939
1772;193912;12;1939;12/1939
1773;194000;0;1940;00/1940
1774;194014;14;1940;14/1940
1775;194013;13;1940;13/1940
1776;194001;1;1940;01/1940
1777;194002;2;1940;02/1940
1778;194003;3;1940;03/1940
1779;194004;4;1940;04/1940
1780;194005;5;1940;05/1940
1781;194006;6;1940;06/1940
1782;194007;7;1940;07/1940
1783;194008;8;1940;08/1940
1784;194009;9;1940;09/1940
1785;194010;10;1940;10/1940
1786;194011;11;1940;11/1940
1787;194012;12;1940;12/1940
1788;194100;0;1941;00/1941
1789;194114;14;1941;14/1941
1790;194113;13;1941;13/1941
1791;194101;1;1941;01/1941
1792;194102;2;1941;02/1941
1793;194103;3;1941;03/1941
1794;194104;4;1941;04/1941
1795;194105;5;1941;05/1941
1796;194106;6;1941;06/1941
1797;194107;7;1941;07/1941
1798;194108;8;1941;08/1941
1799;194109;9;1941;09/1941
1800;194110;10;1941;10/1941
1801;194111;11;1941;11/1941
1802;194112;12;1941;12/1941
1803;194200;0;1942;00/1942
1804;194214;14;1942;14/1942
1805;194213;13;1942;13/1942
1806;194201;1;1942;01/1942
1807;194202;2;1942;02/1942
1808;194203;3;1942;03/1942
1809;194204;4;1942;04/1942
1810;194205;5;1942;05/1942
1811;194206;6;1942;06/1942
1812;194207;7;1942;07/1942
1813;194208;8;1942;08/1942
1814;194209;9;1942;09/1942
1815;194210;10;1942;10/1942
1816;194211;11;1942;11/1942
1817;194212;12;1942;12/1942
1818;194300;0;1943;00/1943
1819;194314;14;1943;14/1943
1820;192511;11;1925;11/1925
1821;192512;12;1925;12/1925
1822;192600;0;1926;00/1926
1823;192614;14;1926;14/1926
1824;192613;13;1926;13/1926
1825;192601;1;1926;01/1926
1826;192602;2;1926;02/1926
1827;192603;3;1926;03/1926
1828;192604;4;1926;04/1926
1829;192605;5;1926;05/1926
1830;192606;6;1926;06/1926
1831;192607;7;1926;07/1926
1832;192608;8;1926;08/1926
1833;192609;9;1926;09/1926
1834;192610;10;1926;10/1926
1835;192611;11;1926;11/1926
1836;192612;12;1926;12/1926
1837;192700;0;1927;00/1927
1838;192714;14;1927;14/1927
1839;192713;13;1927;13/1927
1840;192701;1;1927;01/1927
1841;192702;2;1927;02/1927
1842;192703;3;1927;03/1927
1843;192704;4;1927;04/1927
1844;192705;5;1927;05/1927
1845;192706;6;1927;06/1927
1846;192707;7;1927;07/1927
1847;192708;8;1927;08/1927
1848;192709;9;1927;09/1927
1849;192710;10;1927;10/1927
1850;192711;11;1927;11/1927
1851;192712;12;1927;12/1927
1852;192800;0;1928;00/1928
1853;192814;14;1928;14/1928
1854;192813;13;1928;13/1928
1855;192801;1;1928;01/1928
1856;192802;2;1928;02/1928
1857;192803;3;1928;03/1928
1858;192804;4;1928;04/1928
1859;192805;5;1928;05/1928
1860;192806;6;1928;06/1928
1861;192807;7;1928;07/1928
1862;192808;8;1928;08/1928
1863;192809;9;1928;09/1928
1864;192810;10;1928;10/1928
1865;192811;11;1928;11/1928
1866;192812;12;1928;12/1928
1867;192900;0;1929;00/1929
1868;192914;14;1929;14/1929
1869;192913;13;1929;13/1929
1870;192901;1;1929;01/1929
1871;192902;2;1929;02/1929
1872;192903;3;1929;03/1929
1873;192904;4;1929;04/1929
1874;192905;5;1929;05/1929
1875;192906;6;1929;06/1929
1876;192907;7;1929;07/1929
1877;192908;8;1929;08/1929
1878;192909;9;1929;09/1929
1879;199409;9;1994;09/1994
1880;199410;10;1994;10/1994
1881;199411;11;1994;11/1994
1882;199412;12;1994;12/1994
1883;199500;0;1995;00/1995
1884;199514;14;1995;14/1995
1885;199513;13;1995;13/1995
1886;199501;1;1995;01/1995
1887;199502;2;1995;02/1995
1888;199503;3;1995;03/1995
1889;199504;4;1995;04/1995
1890;199505;5;1995;05/1995
1891;199506;6;1995;06/1995
1892;199507;7;1995;07/1995
1893;199508;8;1995;08/1995
1894;199509;9;1995;09/1995
1895;199510;10;1995;10/1995
1896;199511;11;1995;11/1995
1897;199512;12;1995;12/1995
1898;199600;0;1996;00/1996
1899;199614;14;1996;14/1996
1900;199613;13;1996;13/1996
1901;199601;1;1996;01/1996
1902;199602;2;1996;02/1996
1903;199603;3;1996;03/1996
1904;199604;4;1996;04/1996
1905;199605;5;1996;05/1996
1906;199606;6;1996;06/1996
1907;199607;7;1996;07/1996
1908;199608;8;1996;08/1996
1909;199609;9;1996;09/1996
1910;199610;10;1996;10/1996
1911;199611;11;1996;11/1996
1912;199612;12;1996;12/1996
1913;199700;0;1997;00/1997
1914;199714;14;1997;14/1997
1915;199713;13;1997;13/1997
1916;199701;1;1997;01/1997
1917;199702;2;1997;02/1997
1918;199703;3;1997;03/1997
1919;199704;4;1997;04/1997
1920;199705;5;1997;05/1997
1921;199706;6;1997;06/1997
1922;199707;7;1997;07/1997
1923;199708;8;1997;08/1997
1924;199709;9;1997;09/1997
1925;199710;10;1997;10/1997
1926;199711;11;1997;11/1997
1927;199712;12;1997;12/1997
1928;199800;0;1998;00/1998
1929;199814;14;1998;14/1998
1930;199813;13;1998;13/1998
1931;199801;1;1998;01/1998
1932;199802;2;1998;02/1998
1933;199803;3;1998;03/1998
1934;199804;4;1998;04/1998
1935;199805;5;1998;05/1998
1936;199806;6;1998;06/1998
1937;199807;7;1998;07/1998
1938;199808;8;1998;08/1998
1939;199809;9;1998;09/1998
1940;199810;10;1998;10/1998
1941;199811;11;1998;11/1998
1942;199812;12;1998;12/1998
1943;199900;0;1999;00/1999
1944;199914;14;1999;14/1999
1945;199913;13;1999;13/1999
1946;199901;1;1999;01/1999
1947;199902;2;1999;02/1999
1948;199903;3;1999;03/1999
1949;199904;4;1999;04/1999
1950;199905;5;1999;05/1999
1951;199906;6;1999;06/1999
1952;199907;7;1999;07/1999
1953;199908;8;1999;08/1999
1954;199909;9;1999;09/1999
1955;199910;10;1999;10/1999
1956;199911;11;1999;11/1999
1957;199912;12;1999;12/1999
1958;200000;0;2000;00/2000
1959;200014;14;2000;14/2000
1960;200013;13;2000;13/2000
1961;200001;1;2000;01/2000
1962;200002;2;2000;02/2000
1963;200003;3;2000;03/2000
1964;200004;4;2000;04/2000
1965;200005;5;2000;05/2000
1966;200006;6;2000;06/2000
1967;200007;7;2000;07/2000
1968;200008;8;2000;08/2000
1969;200009;9;2000;09/2000
1970;200010;10;2000;10/2000
1971;200011;11;2000;11/2000
1972;200012;12;2000;12/2000
1973;200100;0;2001;00/2001
1974;200114;14;2001;14/2001
1975;200113;13;2001;13/2001
1976;200101;1;2001;01/2001
1977;200102;2;2001;02/2001
1978;200103;3;2001;03/2001
1979;200104;4;2001;04/2001
1980;200105;5;2001;05/2001
1981;200106;6;2001;06/2001
1982;200107;7;2001;07/2001
1983;200108;8;2001;08/2001
1984;200109;9;2001;09/2001
1985;200110;10;2001;10/2001
1986;200111;11;2001;11/2001
1987;200112;12;2001;12/2001
1988;200200;0;2002;00/2002
1989;200214;14;2002;14/2002
1990;200213;13;2002;13/2002
1991;200201;1;2002;01/2002
1992;200202;2;2002;02/2002
1993;200203;3;2002;03/2002
1994;200204;4;2002;04/2002
1995;200205;5;2002;05/2002
1996;200206;6;2002;06/2002
1997;200207;7;2002;07/2002
1998;200208;8;2002;08/2002
1999;200209;9;2002;09/2002
2000;200210;10;2002;10/2002
2001;200211;11;2002;11/2002
2002;200212;12;2002;12/2002
2003;200300;0;2003;00/2003
2004;200314;14;2003;14/2003
2005;200313;13;2003;13/2003
2006;200301;1;2003;01/2003
2007;200302;2;2003;02/2003
2008;192910;10;1929;10/1929
2009;192911;11;1929;11/1929
2010;192912;12;1929;12/1929
2011;193000;0;1930;00/1930
2012;193014;14;1930;14/1930
2013;193013;13;1930;13/1930
2014;193001;1;1930;01/1930
2015;193002;2;1930;02/1930
2016;193003;3;1930;03/1930
2017;193004;4;1930;04/1930
2018;193005;5;1930;05/1930
2019;193006;6;1930;06/1930
2020;193007;7;1930;07/1930
2021;193008;8;1930;08/1930
2022;193009;9;1930;09/1930
2023;193010;10;1930;10/1930
2024;193011;11;1930;11/1930
2025;193012;12;1930;12/1930
2026;193100;0;1931;00/1931
2027;193114;14;1931;14/1931
2028;193113;13;1931;13/1931
2029;193101;1;1931;01/1931
2030;193102;2;1931;02/1931
2031;193103;3;1931;03/1931
2032;193104;4;1931;04/1931
2033;193105;5;1931;05/1931
2034;193106;6;1931;06/1931
2035;193107;7;1931;07/1931
2036;193108;8;1931;08/1931
2037;193109;9;1931;09/1931
2038;193110;10;1931;10/1931
2039;193111;11;1931;11/1931
2040;193112;12;1931;12/1931
2041;193200;0;1932;00/1932
2042;193214;14;1932;14/1932
2043;193213;13;1932;13/1932
2044;193201;1;1932;01/1932
2045;193202;2;1932;02/1932
2046;193203;3;1932;03/1932
2047;193204;4;1932;04/1932
2048;193205;5;1932;05/1932
2049;193206;6;1932;06/1932
2050;193207;7;1932;07/1932
2051;193208;8;1932;08/1932
2052;193209;9;1932;09/1932
2053;193210;10;1932;10/1932
2054;193211;11;1932;11/1932
2055;193212;12;1932;12/1932
2056;193300;0;1933;00/1933
2057;193314;14;1933;14/1933
2058;193313;13;1933;13/1933
2059;193301;1;1933;01/1933
2060;193302;2;1933;02/1933
2061;193303;3;1933;03/1933
2062;193304;4;1933;04/1933
2063;193305;5;1933;05/1933
2064;193306;6;1933;06/1933
2065;193307;7;1933;07/1933
2066;193308;8;1933;08/1933
2067;193309;9;1933;09/1933
2068;193310;10;1933;10/1933
2069;193311;11;1933;11/1933
2070;193312;12;1933;12/1933
2071;193400;0;1934;00/1934
2072;193414;14;1934;14/1934
2073;193413;13;1934;13/1934
2074;193401;1;1934;01/1934
2075;193402;2;1934;02/1934
2076;193403;3;1934;03/1934
2077;193404;4;1934;04/1934
2078;194313;13;1943;13/1943
2079;194301;1;1943;01/1943
2080;194302;2;1943;02/1943
2081;194303;3;1943;03/1943
2082;194304;4;1943;04/1943
2083;194305;5;1943;05/1943
2084;194306;6;1943;06/1943
2085;194307;7;1943;07/1943
2086;194308;8;1943;08/1943
2087;194309;9;1943;09/1943
2088;194310;10;1943;10/1943
2089;194311;11;1943;11/1943
2090;194312;12;1943;12/1943
2091;194400;0;1944;00/1944
2092;194414;14;1944;14/1944
2093;194413;13;1944;13/1944
2094;194401;1;1944;01/1944
2095;194402;2;1944;02/1944
2096;194403;3;1944;03/1944
2097;194404;4;1944;04/1944
2098;194405;5;1944;05/1944
2099;194406;6;1944;06/1944
2100;194407;7;1944;07/1944
2101;194408;8;1944;08/1944
2102;194409;9;1944;09/1944
2103;194410;10;1944;10/1944
2104;194411;11;1944;11/1944
2105;194412;12;1944;12/1944
2106;194500;0;1945;00/1945
2107;194514;14;1945;14/1945
2108;194513;13;1945;13/1945
2109;194501;1;1945;01/1945
2110;194502;2;1945;02/1945
2111;194503;3;1945;03/1945
2112;194504;4;1945;04/1945
2113;194505;5;1945;05/1945
2114;194506;6;1945;06/1945
2115;194507;7;1945;07/1945
2116;194508;8;1945;08/1945
2117;194509;9;1945;09/1945
2118;194510;10;1945;10/1945
2119;194511;11;1945;11/1945
2120;194512;12;1945;12/1945
2121;194600;0;1946;00/1946
2122;194614;14;1946;14/1946
2123;194613;13;1946;13/1946
2124;194601;1;1946;01/1946
2125;194602;2;1946;02/1946
2126;194603;3;1946;03/1946
2127;194604;4;1946;04/1946
2128;194605;5;1946;05/1946
2129;194606;6;1946;06/1946
2130;194607;7;1946;07/1946
2131;194608;8;1946;08/1946
2132;194609;9;1946;09/1946
2133;194610;10;1946;10/1946
2134;194611;11;1946;11/1946
2135;194612;12;1946;12/1946
2136;194700;0;1947;00/1947
2137;201112;12;2011;12/2011
2138;201200;0;2012;00/2012
2139;201214;14;2012;14/2012
2140;201213;13;2012;13/2012
2141;201201;1;2012;01/2012
2142;201300;0;2013;00/2013
2143;201202;2;2012;02/2012
2144;201203;3;2012;03/2012
2145;201204;4;2012;04/2012
2146;201205;5;2012;05/2012
2147;201206;6;2012;06/2012
2148;201207;7;2012;07/2012
2149;201208;8;2012;08/2012
2150;201209;9;2012;09/2012
2151;201210;10;2012;10/2012
2152;201211;11;2012;11/2012
2153;201212;12;2012;12/2012
2154;201314;14;2013;14/2013
2155;201313;13;2013;13/2013
2156;201301;1;2013;01/2013
2157;201302;2;2013;02/2013
2158;201303;3;2013;03/2013
2159;201304;4;2013;04/2013
2160;201305;5;2013;05/2013
2161;201306;6;2013;06/2013
2162;201307;7;2013;07/2013
2163;201308;8;2013;08/2013
2164;201309;9;2013;09/2013
2165;201310;10;2013;10/2013
2166;201311;11;2013;11/2013
2167;201312;12;2013;12/2013
2168;201400;0;2014;00/2014
2169;201414;14;2014;14/2014
2170;201413;13;2014;13/2014
2171;201401;1;2014;01/2014
2172;201402;2;2014;02/2014
2173;201403;3;2014;03/2014
2174;201404;4;2014;04/2014
2175;201405;5;2014;05/2014
2176;201406;6;2014;06/2014
2177;201407;7;2014;07/2014
2178;201408;8;2014;08/2014
2179;201409;9;2014;09/2014
2180;201410;10;2014;10/2014
2181;201411;11;2014;11/2014
2182;201412;12;2014;12/2014
2183;201500;0;2015;00/2015
2184;201514;14;2015;14/2015
2185;201513;13;2015;13/2015
2186;201501;1;2015;01/2015
2187;201502;2;2015;02/2015
2188;201503;3;2015;03/2015
2189;201504;4;2015;04/2015
2190;201505;5;2015;05/2015
2191;201506;6;2015;06/2015
2192;201507;7;2015;07/2015
2193;201508;8;2015;08/2015
2194;201509;9;2015;09/2015
2195;201510;10;2015;10/2015
2196;201511;11;2015;11/2015
2197;201512;12;2015;12/2015
2198;201600;0;2016;00/2016
2199;201614;14;2016;14/2016
2200;201613;13;2016;13/2016
2201;201601;1;2016;01/2016
2202;201602;2;2016;02/2016
2203;201603;3;2016;03/2016
2204;201604;4;2016;04/2016
2205;201605;5;2016;05/2016
2206;201606;6;2016;06/2016
2207;201607;7;2016;07/2016
2208;201608;8;2016;08/2016
2209;201609;9;2016;09/2016
2210;201610;10;2016;10/2016
2211;201611;11;2016;11/2016
2212;201612;12;2016;12/2016
2213;201700;0;2017;00/2017
2214;201714;14;2017;14/2017
2215;201713;13;2017;13/2017
2216;201701;1;2017;01/2017
2217;201702;2;2017;02/2017
2218;201703;3;2017;03/2017
2219;201704;4;2017;04/2017
2220;201705;5;2017;05/2017
2221;201706;6;2017;06/2017
2222;201707;7;2017;07/2017
2223;201708;8;2017;08/2017
2224;201709;9;2017;09/2017
2225;201710;10;2017;10/2017
2226;201711;11;2017;11/2017
2227;201712;12;2017;12/2017
2228;201800;0;2018;00/2018
2229;201814;14;2018;14/2018
2230;201813;13;2018;13/2018
2231;201801;1;2018;01/2018
2232;201802;2;2018;02/2018
2233;201803;3;2018;03/2018
2234;201804;4;2018;04/2018
2235;201805;5;2018;05/2018
2236;201806;6;2018;06/2018
2237;201807;7;2018;07/2018
2238;201808;8;2018;08/2018
2239;201809;9;2018;09/2018
2240;201810;10;2018;10/2018
2241;201811;11;2018;11/2018
2242;201812;12;2018;12/2018
2243;201900;0;2019;00/2019
2244;201914;14;2019;14/2019
2245;201913;13;2019;13/2019
2246;201901;1;2019;01/2019
2247;201902;2;2019;02/2019
2248;201903;3;2019;03/2019
2249;201904;4;2019;04/2019
2250;201905;5;2019;05/2019
2251;201906;6;2019;06/2019
2252;201907;7;2019;07/2019
2253;201908;8;2019;08/2019
2254;201909;9;2019;09/2019
2255;201910;10;2019;10/2019
2256;201911;11;2019;11/2019
2257;201912;12;2019;12/2019
2258;202000;0;2020;00/2020
2259;202014;14;2020;14/2020
2260;202013;13;2020;13/2020
2261;202001;1;2020;01/2020
2262;202002;2;2020;02/2020
2263;202003;3;2020;03/2020
2264;202004;4;2020;04/2020
2265;202005;5;2020;05/2020
